Location,WaitTime,MealRating,ServerFriendliness,OrderAccurate,WillReturn
Location A,11.490142459033699,4,8.92704306647543,Yes,Yes
Location A,9.585207096486446,5,8.211554983733846,Yes,Yes
Location A,11.943065614302078,4,8.758909754800586,Yes,Yes
Location A,14.569089569224076,5,9.48553011655626,Yes,Yes
Location A,9.297539875829992,3,5.223589463157098,Yes,Yes
Location A,9.297589129152458,4,9.415195762798051,Yes,Yes
Location A,14.737638446522174,5,8.513641647831912,Yes,Yes
Location A,12.302304187458727,5,6.3325620083919105,Yes,Yes
Location A,8.591576842195144,3,9.203706323479533,Yes,Yes
Location A,11.627680130757895,4,7.4025186409640575,Yes,No
Location A,8.609746921562614,5,7.607050345522171,Yes,Yes
Location A,8.602810739289229,3,7.238480326301507,Yes,Yes
Location A,10.725886814698102,5,8.453598266357337,Yes,No
Location A,4.260159266026607,4,6.82197028623192,Yes,Yes
Location A,4.825246502460901,5,9.35221194492168,Yes,No
Location A,8.313137412277083,5,7.791706119207992,Yes,Yes
Location A,6.961506638996728,5,7.4536962747680935,Yes,Yes
Location A,10.942741997785822,5,9.129313516420956,No,Yes
Location A,7.275927773436367,3,7.520664856521379,Yes,Yes
Location A,5.763088895994126,3,9.422265238043451,Yes,Yes
Location A,14.396946306764661,4,9.469389426261298,Yes,Yes
Location A,9.322671098540393,3,5.997794242671534,Yes,Yes
Location A,10.202584614063772,3,9.663890303334385,Yes,Yes
Location A,5.725755441359629,4,5.806946042747171,Yes,Yes
Location A,8.366851826424451,3,9.757370790323765,Yes,Yes
Location A,10.332767769129598,3,10.0,Yes,No
Location A,6.547019267733091,4,9.312251657403698,No,Yes
Location A,11.127094055037016,4,4.76452903295049,Yes,Yes
Location A,8.198083930243586,4,9.595348579079028,Yes,Yes
Location A,9.12491875062017,5,10.0,Yes,Yes
Location A,8.19488016331181,5,7.545452538502956,Yes,Yes
Location A,15.556834553526812,4,7.9479450199551644,Yes,Yes
Location A,9.959508325786198,4,6.217269917110352,Yes,Yes
Location A,6.826867213132299,4,8.468119128229503,Yes,Yes
Location A,12.467634736309567,5,9.903765773814694,Yes,Yes
Location A,6.337469050086933,5,9.046605692224182,Yes,Yes
Location A,10.626590785014265,3,10.0,Yes,Yes
Location A,4.1209896283606735,3,8.049540564448696,Yes,Yes
Location A,6.015441853304709,4,5.553989948877104,Yes,Yes
Location A,10.59058370760737,5,8.256456457352328,Yes,Yes
Location A,12.215399739986232,5,4.375322352181265,Yes,Yes
Location A,10.514104843569912,5,7.200344112703229,No,Yes
Location A,9.653055152835279,4,10.0,Yes,Yes
Location A,9.096688913232134,3,8.487700472947656,No,Yes
Location A,5.564434028897718,4,8.269125219246904,Yes,Yes
Location A,7.840467374815875,3,10.0,Yes,Yes
Location A,8.618083687120638,3,7.594100162504945,Yes,Yes
Location A,13.171366678656748,4,9.892730619401163,Yes,Yes
Location A,11.030854868705385,3,8.19396046274951,Yes,Yes
Location A,4.710879533911799,3,8.57007119518854,Yes,Yes
Location A,10.972251908184385,5,6.174042716205481,Yes,Yes
Location A,8.84475315875105,3,7.276929807757675,Yes,Yes
Location A,7.969233999082124,4,5.90372265073419,Yes,Yes
Location A,11.835028866522604,4,7.857132382661982,Yes,Yes
Location A,13.092998567487854,3,8.5856035158744,Yes,Yes
Location A,12.793840357348596,5,6.334942842362822,Yes,Yes
Location A,7.4823474303320845,5,10.0,Yes,Yes
Location A,9.072362872446357,3,8.417159028637942,Yes,Yes
Location A,10.993790294210692,3,8.086693378377829,Yes,Yes
Location A,12.926635381367078,4,9.154486627018438,Yes,Yes
Location A,8.56247728646413,3,6.756607878701117,Yes,Yes
Location A,9.443023070008548,5,8.24521621875118,Yes,Yes
Location A,6.680995077981915,3,6.924700669463613,Yes,Yes
Location A,6.411380127757988,4,10.0,Yes,Yes
Location A,12.437577467182594,4,6.412040975904378,Yes,Yes
Location A,14.068720085712469,4,8.09474818896076,Yes,Yes
Location A,9.783969635258998,4,8.493973677727663,Yes,Yes
Location A,13.010598693676073,4,8.592238616611553,Yes,Yes
Location A,11.084908075142902,3,7.1281472403757515,Yes,Yes
Location A,8.064640736184627,3,6.656735896782354,Yes,Yes
Location A,11.084186816525241,3,7.149807240430851,Yes,Yes
Location A,14.614109699397908,3,8.792488151315423,Yes,Yes
Location A,9.892521882670145,4,7.7842313436320545,Yes,No
Location A,14.693930967442018,5,9.194313212678782,Yes,Yes
Location A,2.1407646877307673,3,8.71550557909261,Yes,Yes
Location A,12.465707513125672,5,4.584630952850588,Yes,Yes
Location A,10.261141204714514,3,8.371246695255817,Yes,Yes
Location A,9.102977948602398,3,10.0,Yes,Yes
Location A,10.275282329606506,5,9.987903576557496,Yes,Yes
Location A,4.037293256197321,4,8.633019741060453,Yes,Yes
Location A,9.340984336487464,3,6.410911804295084,Yes,Yes
Location A,11.07133771453524,3,8.716330574188468,Yes,Yes
Location A,14.433682134224547,3,9.109624909817388,Yes,Yes
Location A,8.445189345179058,5,7.619379978758624,Yes,Yes
Location A,7.574519191320437,4,8.475113088206657,Yes,Yes
Location A,8.49472886924639,5,10.0,Yes,Yes
Location A,12.746206353106222,5,6.714088370387412,Yes,Yes
Location A,10.986253328979053,4,6.41255059256131,Yes,Yes
Location A,8.410719388698883,5,9.039048988991318,Yes,Yes
Location A,11.539802299340067,4,8.68631395429712,Yes,No
Location A,10.29123264804412,3,9.543257443119217,Yes,Yes
Location A,12.905934971598668,4,8.854690717855654,Yes,Yes
Location A,7.893840718367943,3,7.14836740523871,Yes,Yes
Location A,9.017013560206696,5,8.648288977198106,Yes,Yes
Location A,8.823675540603528,5,6.28681018505574,Yes,Yes
Location A,5.609455155603644,3,7.624521932400509,Yes,Yes
Location A,10.888360831193728,5,8.754198846449606,Yes,Yes
Location A,10.783165816539668,4,7.459228674914165,Yes,Yes
Location A,10.015340369927383,3,10.0,Yes,Yes
Location A,9.29623859987456,5,5.1617236267645,Yes,Yes
Location A,5.753887773848757,3,7.178764464501784,Yes,Yes
Location A,8.738064031703923,4,6.593330249195135,Yes,Yes
Location A,8.971856450419692,4,6.94947678881307,Yes,Yes
Location A,7.593168192335144,5,7.035502664778682,Yes,Yes
Location A,9.516142865001973,4,6.010368969711511,Yes,Yes
Location A,11.212152570443616,3,9.129053222858941,Yes,Yes
Location A,15.65855770363159,4,7.179357053919348,Yes,Yes
Location A,10.523733438495517,3,8.245360003382983,Yes,Yes
Location A,10.772651172168294,3,7.347761357134632,Yes,Yes
Location A,9.776662252701499,4,6.963679381570685,Yes,Yes
Location A,4.243686354102875,5,10.0,Yes,Yes
Location A,9.92045837365235,4,9.384398273314112,Yes,Yes
Location A,10.18069062982308,3,5.1976994000672825,Yes,Yes
Location A,17.38972633745586,3,5.038793827496169,Yes,No
Location A,9.422917105656632,4,9.56391325345473,Yes,Yes
Location A,10.904642027000838,5,7.220219912676869,Yes,No
Location A,9.89586469088427,5,5.5263764990986655,Yes,No
Location A,6.493965887141404,3,9.568602698810512,Yes,Yes
Location A,13.42846844354506,3,8.253686075148636,Yes,Yes
Location A,12.255799098060322,5,8.37735662724848,Yes,Yes
Location A,12.37309584112914,4,9.214308908008862,Yes,Yes
Location A,7.271837635615784,3,6.03503426257641,Yes,Yes
Location A,14.208382932808298,3,5.552748767923753,Yes,Yes
Location A,5.794446811623157,5,10.0,Yes,Yes
Location A,11.76057128140081,4,5.8442498588865615,Yes,No
Location A,16.571366877429938,5,6.166643304386654,Yes,Yes
Location A,7.028391024607934,4,6.46634693068135,Yes,Yes
Location A,8.301106811191683,4,10.0,Yes,Yes
Location A,10.298954095262923,4,8.740074950617284,Yes,Yes
Location A,8.489573037651402,3,9.44811196165307,Yes,Yes
Location A,5.3480097068016015,5,8.294251318368092,Yes,Yes
Location A,10.205688924418082,5,7.097169183198149,Yes,Yes
Location A,6.813088858821685,4,8.946936924890252,Yes,Yes
Location A,11.420777291905544,3,5.665076043804795,Yes,No
Location A,7.24172729729859,3,6.3570748218552575,Yes,Yes
Location A,14.649803215052618,5,9.099462768892222,Yes,Yes
Location A,7.650240122991288,3,5.96411715375983,Yes,Yes
Location A,9.033815451382972,3,7.71637779625719,Yes,Yes
Location A,12.44055165210901,4,7.784731483466882,Yes,Yes
Location A,6.307407050698134,3,7.2070069949942575,Yes,No
Location A,10.682379803812388,4,5.073322287726715,Yes,Yes
Location A,13.921428262847284,5,7.056606663216961,Yes,Yes
Location A,5.177550296316317,3,6.762547434601272,Yes,Yes
Location A,10.553901575596912,5,8.242159794931547,Yes,Yes
Location A,10.77964838274527,5,8.165735808049202,Yes,Yes
Location A,12.345468615331932,3,8.566942189905312,Yes,Yes
Location A,6.289147867365754,3,6.986020590538404,Yes,Yes
Location A,6.0386301607471715,5,8.784166925698838,Yes,Yes
Location A,11.565824696850694,3,5.665989900839476,Yes,Yes
Location A,10.890954019699558,4,5.267142901021469,Yes,Yes
Location A,10.75147855103763,4,4.496640913750058,Yes,Yes
Location A,11.039344628490927,3,7.251054140642004,Yes,Yes
Location A,7.959925835264528,5,6.870052663492164,Yes,Yes
Location A,10.69676109148301,3,9.1839734177819,Yes,Yes
Location A,10.879217419896044,3,7.027006119426695,Yes,Yes
Location A,7.856945745920896,5,8.4100645219164,Yes,Yes
Location A,15.59732353343427,5,9.219944864874616,No,Yes
Location A,11.421498762735363,4,6.970521386526326,Yes,Yes
Location A,6.426089508392054,5,8.447078315160763,Yes,Yes
Location A,11.969660825901489,4,9.502891323432792,Yes,Yes
Location A,7.075954989318036,5,6.142755837791649,Yes,No
Location A,12.361253811227357,3,8.037278507366967,Yes,Yes
Location A,13.475786737022212,4,6.976948425201028,Yes,No
Location A,7.537953044944869,4,6.238265176260292,Yes,Yes
Location A,12.890128387732965,4,5.695322389264657,Yes,Yes
Location A,11.238342780809495,3,6.214027141731949,Yes,Yes
Location A,12.46618047998347,3,8.090043508628018,Yes,Yes
Location A,15.690378947961843,3,5.58373331665738,Yes,No
Location A,9.26383565199139,3,7.173909463867044,Yes,Yes
Location A,7.738791506927531,3,9.219791610279346,Yes,Yes
Location A,7.33145671112343,4,8.673516445128405,Yes,Yes
Location A,7.552569145103686,3,7.204238565592765,Yes,No
Location A,9.768694871757688,4,10.0,Yes,Yes
Location A,11.023455924449932,3,10.0,Yes,Yes
Location A,10.830072397990056,5,8.039183647309589,Yes,Yes
Location A,12.481549747108073,4,4.297185626173538,Yes,Yes
Location A,10.039005675633721,5,9.32967229552439,Yes,Yes
Location A,14.360602231471951,4,4.559035489949622,Yes,Yes
Location A,9.206029500286132,5,10.0,Yes,Yes
Location A,18.160507499768855,3,9.625377351113448,Yes,Yes
Location A,11.877002043295018,3,10.0,Yes,Yes
Location A,7.428527330751153,3,8.39039833755159,Yes,No
Location A,6.787322505816663,4,7.457921349227243,No,Yes
Location A,11.447417245729556,5,7.324848299464664,Yes,Yes
Location A,9.329611644022448,3,7.180609743453655,Yes,Yes
Location A,12.142001482276276,5,9.471602980512055,Yes,Yes
Location A,11.419712873720634,5,9.068407234258817,Yes,Yes
Location A,9.781513262029382,3,8.18033845015132,Yes,Yes
Location A,7.459618845794785,3,6.916728038109541,Yes,Yes
Location A,5.455458325942406,5,10.0,Yes,No
Location A,8.660455143798936,3,9.368561920944305,Yes,Yes
Location A,12.569196382970418,3,5.603432120339887,Yes,No
Location A,10.642281232390612,3,7.22561597609431,Yes,Yes
Location A,6.262783663864036,4,9.397664146113058,Yes,Yes
Location A,10.519542777553546,5,6.8006916181509744,Yes,Yes
Location A,11.15595213918651,5,8.527321938238833,Yes,Yes
Location A,7.348427691396601,4,9.426194450504223,Yes,Yes
Location A,10.461175317836584,5,2.9173578760154104,Yes,Yes
Location A,10.174626155338,3,7.837943450316124,Yes,Yes
Location A,6.571089106508131,5,7.896813730347683,Yes,Yes
Location B,16.43114944139313,2,5.175855088632421,Yes,Yes
Location B,17.243138105472937,3,6.603390269892082,Yes,Yes
Location B,19.332204972701106,2,7.315039214991749,Yes,Yes
Location B,19.21520820813961,4,6.284101888649218,No,No
Location B,9.489322528171636,4,5.252345211901136,Yes,Yes
Location B,11.248699840339508,4,7.2652425995685395,Yes,Yes
Location B,17.06014106883464,3,6.098106818548714,Yes,Yes
Location B,17.055143803648836,3,5.538599173609043,Yes,Yes
Location B,17.06019074522419,5,3.3754412293221616,Yes,Yes
Location B,30.410925962618883,4,2.8746904294678433,Yes,No
Location B,17.28356204277267,2,3.3375404145718592,Yes,Yes
Location B,19.542262560722396,3,6.55665812244043,Yes,Yes
Location B,18.81600705397281,4,5.841842504787297,Yes,No
Location B,17.60556500522319,4,3.0394318035850736,Yes,No
Location B,13.738923021438618,3,7.291835651587622,Yes,Yes
Location B,18.03587688197307,5,8.74861902635819,Yes,Yes
Location B,11.908699141849713,3,4.803012766567329,Yes,Yes
Location B,14.052725573039965,3,2.518036285263252,Yes,Yes
Location B,13.058545808683586,2,4.581747230196175,Yes,Yes
Location B,15.32749655754529,2,7.708921253589388,Yes,Yes
Location B,24.258634266694035,5,7.097059717069548,Yes,No
Location B,7.530939229633008,4,4.155134627977042,Yes,Yes
Location B,17.745040761498053,3,9.042344275529484,Yes,Yes
Location B,8.549136515241393,5,8.696560131852797,Yes,Yes
Location B,13.112272536842266,2,4.533987873446717,Yes,Yes
Location B,19.355802387869463,3,4.513419994070066,Yes,Yes
Location B,15.25712007638185,4,4.814344125241021,Yes,Yes
Location B,10.689020888282776,2,4.985334449222908,Yes,No
Location B,12.138785162960128,2,7.901076015856887,Yes,Yes
Location B,17.7183909957387,2,6.850658120953188,Yes,Yes
Location B,12.078533473131454,5,7.754157538701175,Yes,Yes
Location B,15.8658343583279,4,7.3471302863734,Yes,Yes
Location B,15.182287359615255,3,9.429054136387464,Yes,Yes
Location B,12.393598609576731,5,3.881228912381719,Yes,Yes
Location B,23.5757763573013,5,6.760717060767832,Yes,Yes
Location B,17.535676089272044,5,1.6523574875306046,Yes,No
Location B,6.899429653369571,2,3.3660888518062833,Yes,Yes
Location B,15.745817259077711,4,5.8502932281303055,Yes,Yes
Location B,12.352854140926448,5,6.836413225509072,Yes,Yes
Location B,18.409733339184896,3,5.796368515940861,Yes,No
Location B,11.829917046269198,4,4.8656151623746435,No,Yes
Location B,14.541054234132403,3,5.221164245013925,Yes,Yes
Location B,17.01994911592183,4,8.738881952848208,Yes,Yes
Location B,18.463020776680487,3,5.231935644239719,Yes,Yes
Location B,10.198814371776894,2,9.498483244087055,Yes,Yes
Location B,13.661995056636206,5,7.588034147082267,Yes,Yes
Location B,13.100218755356176,3,6.915074692296461,No,Yes
Location B,12.386683069705153,4,3.612806179358009,Yes,Yes
Location B,22.061816961124386,5,7.870476322799254,Yes,No
Location B,16.61992684384382,5,5.012458844503001,Yes,Yes
Location B,9.956464182659818,4,3.6111204839886004,Yes,Yes
Location B,18.671447788219105,3,7.025687226158755,Yes,Yes
Location B,23.488624788050533,2,3.2241078788669206,Yes,No
Location B,19.12986104220459,2,4.475517075740836,Yes,Yes
Location B,8.922520136183946,3,5.979768177062177,Yes,No
Location B,13.063063708534994,5,10.0,Yes,Yes
Location B,20.06764459674649,5,4.626168488415025,Yes,Yes
Location B,12.169322137524876,5,5.08356696139885,Yes,No
Location B,16.775277712584913,5,7.464690108843291,Yes,Yes
Location B,18.098536213717345,3,3.523408623247908,Yes,Yes
Location B,11.292278113687669,5,6.885612762041831,No,No
Location B,14.7618985757528,4,8.411853615233175,Yes,Yes
Location B,2.0349306397237097,5,5.385810230577797,No,Yes
Location B,10.902449434662842,2,8.052308562793732,Yes,Yes
Location B,13.989727394427359,5,6.582899846423612,Yes,Yes
Location B,10.008867272140602,3,4.538636072392439,Yes,Yes
Location B,21.52964521572654,2,5.604390628206987,No,Yes
Location B,9.27943448815747,3,5.240485320039516,Yes,Yes
Location B,13.239822053212064,3,5.824723484367045,Yes,Yes
Location B,15.522962309144365,2,6.305435798439657,Yes,Yes
Location B,20.765093156264463,3,7.176399869943714,Yes,No
Location B,9.256551395282242,3,7.017336499174271,Yes,Yes
Location B,19.65265500861984,5,1.136572857475704,Yes,No
Location B,15.040932244078348,4,5.805383622455946,No,Yes
Location B,11.073965395808196,3,2.981156173186475,Yes,Yes
Location B,16.84841389705308,3,5.448545495065348,Yes,Yes
Location B,15.79623878229388,3,5.75242082437816,Yes,Yes
Location B,12.599132491364822,5,7.952296716169418,Yes,Yes
Location B,15.279208339960075,4,5.939769065799801,Yes,Yes
Location B,13.45874561255296,2,6.51843603668652,Yes,Yes
Location B,15.454069381004992,5,7.586112761314858,Yes,No
Location B,17.648522698084186,5,8.4555045196386,No,Yes
Location B,21.34406726458141,4,5.753972153286179,No,Yes
Location B,10.048738004692604,4,6.188358883360817,Yes,Yes
Location B,23.532133498625065,5,6.020046604484508,No,Yes
Location B,7.1916488019099925,2,4.9148020711378475,Yes,Yes
Location B,14.392859619857667,5,4.461769553115221,Yes,Yes
Location B,17.353268825938308,4,1.4562281671481294,Yes,No
Location B,16.12396747094013,2,3.8466781309513407,Yes,Yes
Location B,12.509201920717626,4,2.442738333580393,Yes,Yes
Location B,14.167510998570899,2,8.510396968906505,Yes,Yes
Location B,13.027996261364668,3,6.376832016594856,Yes,Yes
Location B,12.642540972223154,4,5.748122054106332,Yes,Yes
Location B,18.3984083880841,4,4.565029627837837,Yes,Yes
Location B,16.42806194386019,5,6.059558526469248,Yes,Yes
Location B,12.228361618957383,4,4.3040402446893316,No,Yes
Location B,18.598399501733002,4,6.348037113241207,Yes,Yes
Location B,16.229198083506436,3,6.491467965842707,Yes,Yes
Location B,18.25144847535584,4,4.277232595286512,Yes,Yes
Location B,17.518515367694448,3,4.239076070355188,Yes,Yes
Location B,11.684019956311712,3,7.924398709190235,Yes,Yes
Location B,12.759275839212123,3,5.894280091417399,Yes,No
Location B,17.989174420493047,3,4.437959141470219,Yes,No
Location B,17.44148106173386,2,5.258987396620962,No,No
Location B,14.916393624143408,5,3.9788118265867856,Yes,Yes
Location B,15.469309533235128,2,5.8656328386761665,Yes,Yes
Location B,20.110659583153698,4,7.663256615328937,Yes,Yes
Location B,12.63371444465668,2,5.944658664811477,No,No
Location B,17.18838952468015,2,10.0,Yes,Yes
Location B,14.191229390264423,4,6.842719136098003,Yes,No
Location B,14.12927518709112,4,6.459908895684425,Yes,No
Location B,19.39510740794876,4,4.183395738068389,Yes,Yes
Location B,18.30166539595212,2,5.5229331063146665,Yes,Yes
Location B,18.254038544002555,2,4.441972313932616,Yes,Yes
Location B,20.221915228617316,4,1.6687095431917527,Yes,No
Location B,15.084015366531036,5,7.9485244442576155,Yes,Yes
Location B,17.727811885179854,5,4.977098888899538,Yes,No
Location B,13.758932973626177,3,4.479199851333387,No,Yes
Location B,16.296665409953768,4,6.421140067916929,No,Yes
Location B,14.479427782529262,3,7.024999104443034,Yes,No
Location B,15.387983859970873,5,5.3584503341874425,Yes,Yes
Location B,17.380628101747654,3,5.994796664781964,Yes,Yes
Location B,11.72711726706611,4,7.492374814628806,Yes,Yes
Location B,23.369549102741843,4,5.279612810780105,Yes,Yes
Location B,10.975930474001192,4,6.604667483526668,Yes,Yes
Location B,10.143245548849071,2,2.6815107632216995,Yes,Yes
Location B,19.63244349400027,3,3.5173620031445028,No,No
Location B,18.166650775851743,5,7.211079556160808,Yes,No
Location B,17.49647926820862,5,3.412882721665403,Yes,Yes
Location B,17.51338203705712,5,6.468275094226592,Yes,Yes
Location B,14.951012908612341,2,5.706002435605854,Yes,Yes
Location B,11.410982514056673,2,5.271065474959542,Yes,Yes
Location B,15.303218232774906,4,4.343074462064544,Yes,No
Location B,12.291353153951553,5,7.818680036210751,Yes,Yes
Location B,18.900478933671003,2,9.45978230903967,Yes,Yes
Location B,14.411770473991446,4,6.600384325200389,Yes,Yes
Location B,11.698011212829954,5,6.644981431345634,Yes,Yes
Location B,13.714456633388027,3,4.635338740285012,Yes,Yes
Location B,16.6517258171025,4,3.6078055363512402,Yes,Yes
Location B,12.745101788784101,2,5.920522190387651,Yes,Yes
Location B,11.711118417734275,2,4.052500704083848,Yes,Yes
Location B,15.97474884596765,4,2.4547797433683565,Yes,Yes
Location B,15.979866284434891,4,7.606891624731165,Yes,Yes
Location B,12.972227298515481,2,7.704333576503666,Yes,Yes
Location B,13.11584677752671,3,4.282322454093811,Yes,Yes
Location B,15.928199749430545,5,6.487928642558488,No,Yes
Location B,9.207662634010703,3,8.003904535583533,Yes,Yes
Location B,9.370144902493779,4,6.410053374123758,No,Yes
Location B,12.126223114990257,3,3.613690707802533,No,Yes
Location B,14.146211393152612,2,5.534213173525803,Yes,No
Location B,16.243630262392017,4,8.653618840083983,Yes,No
Location B,20.90142486779821,5,6.4940532872102255,Yes,Yes
Location B,18.43063849280808,2,7.078264206365611,Yes,No
Location B,14.36024588014629,2,6.683258438738228,Yes,Yes
Location B,14.923935168389244,5,4.288977284043494,Yes,Yes
Location B,10.989882541448765,5,4.758309561434714,Yes,Yes
Location B,14.92594745603044,3,6.677730314103485,Yes,Yes
Location B,13.845365444319446,4,7.633743560040816,Yes,Yes
Location B,16.29087424135236,5,8.199809901835765,Yes,Yes
Location B,11.691076225790708,5,4.283788910463613,No,Yes
Location B,17.077386056964688,4,6.866241069354388,Yes,Yes
Location B,21.13095565201031,5,8.374088223437953,Yes,Yes
Location B,14.56495940617257,5,4.025836459423955,Yes,No
Location B,16.606846888395765,3,8.973494271599549,Yes,Yes
Location B,17.76057596684445,2,9.277881654688379,No,Yes
Location B,13.395118112456656,2,10.0,Yes,Yes
Location B,15.896369927241667,2,6.461866881659989,No,Yes
Location B,15.05036960312718,2,6.472849352524897,Yes,Yes
Location B,15.390704394195327,5,7.653988778234636,Yes,Yes
Location B,11.907960864578135,4,7.595605346098833,Yes,Yes
Location B,15.09804069703577,4,8.252733721991211,Yes,Yes
Location B,16.9919931649818,3,7.5680663609302075,No,Yes
Location B,20.804574431180168,3,5.787876181923923,Yes,Yes
Location B,18.837083304340826,5,8.443994241947005,Yes,Yes
Location B,23.612729830046227,4,3.8574917006145486,Yes,Yes
Location B,11.930609748447802,4,6.011704673450753,Yes,Yes
Location B,18.489282546882713,2,9.127471232099598,Yes,Yes
Location B,15.733368022953407,5,3.499507003759361,Yes,No
Location B,23.75921173287069,5,4.645048686005674,Yes,No
Location B,11.766806858579393,2,7.343494582154583,Yes,No
Location B,11.641112631276895,5,6.7878239464723045,Yes,Yes
Location B,12.602429418223911,5,4.249949184687511,Yes,Yes
Location B,6.5044171027607725,3,5.167611994539719,Yes,Yes
Location B,12.896979913276956,4,3.6384358746993217,No,Yes
Location B,11.963469353785207,5,7.960969999041144,Yes,Yes
Location B,15.60157514590483,3,5.488237284658936,Yes,Yes
Location B,16.367023903108638,4,9.584311821521265,Yes,No
Location B,22.504683356863545,2,6.162200488080043,Yes,Yes
Location B,18.8016953527442,3,5.560519393194246,Yes,No
Location B,12.692385377350387,3,5.366356477416405,Yes,Yes
Location B,11.406341314606568,4,5.511600329615144,Yes,Yes
Location B,16.967676686026024,2,6.221642190267606,Yes,Yes
Location B,9.71906717191743,3,10.0,Yes,Yes
Location B,22.325835063417415,5,5.322280659801281,Yes,Yes
Location B,19.717760482885147,5,5.387293078457381,Yes,Yes
Location B,13.12329739158118,5,6.131187691366357,Yes,Yes
Location B,8.14746188363649,2,8.18054901268852,Yes,Yes
Location B,20.41548949666165,3,3.1580308778544417,Yes,No
Location B,14.541840618989529,5,6.910185473819291,Yes,No
Location B,19.951265247893847,2,4.365149647957676,Yes,No
Location C,12.027861706028165,4,6.106545377901898,Yes,Yes
Location C,17.003124885231134,3,4.012480115279088,Yes,Yes
Location C,20.026218498590914,2,1.0,Yes,No
Location C,20.23490296882371,2,5.739155205374971,Yes,Yes
Location C,17.74967264260378,1,5.722289540693737,Yes,Yes
Location C,23.114249661737492,1,3.8418393830411404,Yes,Yes
Location C,14.661897853087028,2,3.723312279713995,Yes,Yes
Location C,19.288102574893532,4,2.377254549824695,Yes,Yes
Location C,20.601478158559495,4,6.546199883077743,Yes,Yes
Location C,22.572194170293745,3,6.764431564933616,Yes,Yes
Location C,23.55807439044445,4,3.2418982296482204,Yes,Yes
Location C,14.376789540810654,1,3.9201310809222987,No,Yes
Location C,12.329429146321889,1,4.873421757722073,Yes,Yes
Location C,26.388384109492545,4,9.541730562071093,Yes,Yes
Location C,21.661570059897958,1,6.090243495177864,Yes,Yes
Location C,16.25756731721723,2,3.113168969983241,Yes,Yes
Location C,27.755759877612615,2,5.607560618981011,Yes,Yes
Location C,20.578373171464293,4,2.2466169187238365,Yes,Yes
Location C,25.896485920319133,2,6.435980619832342,Yes,Yes
Location C,20.337592407050543,2,8.351094787088972,Yes,Yes
Location C,30.303739624409936,3,8.359583370167917,Yes,No
Location C,28.77670421221602,3,6.469787006948677,Yes,Yes
Location C,18.75517925760463,2,3.8331752882637407,Yes,Yes
Location C,24.85785475477178,4,2.3981964869717483,No,Yes
Location C,23.226879747925736,3,2.1995899132617818,Yes,Yes
Location C,26.843157787661745,1,1.0,Yes,Yes
Location C,15.175382697099478,1,6.387711526015843,Yes,Yes
Location C,23.430257299992196,1,4.794328959551201,Yes,No
Location C,25.29212243424794,4,6.818432332906255,Yes,Yes
Location C,11.206302567884428,2,7.856062970469576,Yes,Yes
Location C,14.083707436671125,1,5.19981108780482,Yes,Yes
Location C,9.803839111199498,4,5.2919232194263,Yes,No
Location C,18.652965827777212,3,4.071359311005067,No,Yes
Location C,23.58771127897981,2,4.307831165655184,Yes,No
Location C,27.51178526048014,3,6.456939824945868,Yes,Yes
Location C,20.370473902098876,4,4.651249939269379,Yes,No
Location C,28.143077727856458,1,4.361984666494353,Yes,No
Location C,13.099492708925542,1,4.963366281114298,Yes,Yes
Location C,11.483087803224226,4,6.772660392123179,No,Yes
Location C,19.722261505516904,1,3.6146768843397945,Yes,Yes
Location C,21.920327244696537,2,4.866942964895935,Yes,Yes
Location C,19.836526259529535,4,5.49055567555686,Yes,No
Location C,9.662789499800617,3,7.320443807170479,Yes,Yes
Location C,19.55439980243606,4,4.521406446401162,Yes,Yes
Location C,13.477652497475734,2,3.5643532278965555,Yes,Yes
Location C,23.348362744150194,2,4.031278111455289,Yes,No
Location C,21.83299123048424,4,7.106114866030758,Yes,Yes
Location C,15.300601068363225,4,9.066610597206928,Yes,Yes
Location C,17.430665413316532,1,2.3724843726279343,Yes,Yes
Location C,14.703932390555241,2,2.8093967698602857,Yes,No
Location C,19.68660451363414,4,4.66240642659571,Yes,Yes
Location C,24.775711602506192,4,5.221912192136087,Yes,Yes
Location C,15.071369768322281,2,6.573939131109991,Yes,Yes
Location C,22.520232577589223,4,3.2177339827970273,Yes,Yes
Location C,17.348711908137794,1,2.8737819267010716,No,Yes
Location C,16.03563583868828,2,5.27617430626726,Yes,No
Location C,19.464848200227213,1,4.483198559585663,Yes,No
Location C,14.823788387903129,1,6.85344199554305,Yes,Yes
Location C,17.23175347326409,1,5.974719606380767,Yes,No
Location C,14.010610537055758,1,6.110758695266438,Yes,Yes
Location C,29.823625664581947,2,4.791037307246267,Yes,No
Location C,20.176317759858645,1,9.711160517136411,No,No
Location C,16.50137246003707,1,3.3245040368124803,Yes,Yes
Location C,21.06989955367111,4,6.22161966750955,Yes,No
Location C,19.43835975154585,2,2.4606200258537854,Yes,Yes
Location C,18.895152002333884,2,2.8530646445210954,Yes,Yes
Location C,23.070833500217127,3,3.78530880246909,Yes,Yes
Location C,23.787538550236526,2,8.258646673236052,Yes,Yes
Location C,17.34749426194736,2,5.527788860908038,Yes,No
Location C,17.1209087967766,3,3.8190438629112498,No,No
Location C,18.62474151424178,2,5.748872651909147,Yes,Yes
Location C,8.490394176322075,2,5.0702957628490175,Yes,No
Location C,12.42404468900724,2,4.01605326172176,Yes,No
Location C,26.834371337222624,2,2.206742288423545,Yes,Yes
Location C,28.224838567506417,3,7.87708496902458,Yes,Yes
Location C,18.75481980221811,2,5.419636257420084,Yes,Yes
Location C,22.882784815278832,2,9.347476746936477,Yes,Yes
Location C,21.556250772717682,3,6.88064324108176,Yes,No
Location C,35.39440404227619,4,6.102639449522085,Yes,Yes
Location C,25.597874557172883,1,4.129591342766066,Yes,No
Location C,19.360412042596167,4,2.8093088722861665,Yes,Yes
Location C,15.222297796997871,3,4.564538031023106,Yes,Yes
Location C,11.967768398712138,1,2.7514148115883383,Yes,Yes
Location C,21.017318179336115,3,6.300380761461509,Yes,Yes
Location C,16.218246273578483,3,8.26530499539426,Yes,Yes
Location C,12.88873145201163,2,4.478175467765739,Yes,Yes
Location C,16.767135578787368,1,6.888981944782394,No,Yes
Location C,14.592259981928025,2,3.6215418595662867,Yes,Yes
Location C,28.435708175362823,1,4.395066323585298,Yes,Yes
Location C,24.408198784747253,3,3.370072030869114,Yes,No
Location C,19.960136793416915,3,1.0,Yes,Yes
Location C,27.39972069445013,4,4.926933300162779,Yes,Yes
Location C,20.38684153823809,1,5.2569034751955055,Yes,Yes
Location C,15.693578993358681,2,7.131721997523275,Yes,Yes
Location C,27.615620386348287,4,6.590876505338575,Yes,No
Location C,22.694550218423295,4,6.617905798077991,Yes,Yes
Location C,14.813769228367718,4,3.051927553764246,Yes,Yes
Location C,19.04830660958196,2,5.918994612141384,Yes,No
Location C,15.621908733076214,4,8.165187930963185,Yes,Yes
Location C,13.08600134517832,2,5.759735701418163,Yes,Yes
Location C,24.630887737658206,4,8.657187226129995,Yes,Yes
Location C,29.547083202350652,2,9.037932222239727,Yes,Yes
Location C,13.007162130904295,3,4.463063459416709,Yes,Yes
Location C,22.814846183452854,3,3.6061205098388567,No,Yes
Location C,16.746787154390866,3,3.4770756691621,Yes,No
Location C,17.56437308117652,3,1.96772835979356,No,No
Location C,17.038030378805654,3,3.9631942011689563,Yes,Yes
Location C,15.68004615160092,4,7.415330899512493,No,Yes
Location C,20.242608139724133,4,1.0,Yes,No
Location C,15.84524941794481,4,2.9250931985725073,Yes,Yes
Location C,21.352284128899193,2,4.745737116696005,Yes,No
Location C,19.748809452754315,2,3.2456295987565995,Yes,No
Location C,18.80525976566795,2,3.9454281115195595,Yes,No
Location C,15.462181689792011,2,3.975340651155393,Yes,Yes
Location C,17.116143347158335,3,4.484919559876502,Yes,Yes
Location C,23.77695612912878,3,3.5410906077805224,Yes,Yes
Location C,22.504585938121902,3,3.3775735722889038,No,No
Location C,15.112223776007244,1,6.868619491842463,No,Yes
Location C,20.49666152714613,4,7.099308355720691,No,No
Location C,23.756935616858947,2,2.238913309505181,Yes,Yes
Location C,11.652973594393142,2,1.0,Yes,Yes
Location C,22.716800961899676,3,7.126749699141862,Yes,Yes
Location C,16.686881205270765,2,2.542399162895725,Yes,Yes
Location C,22.852993342965796,2,5.425489676919479,Yes,Yes
Location C,16.183704217287417,4,1.8686562539435654,Yes,Yes
Location C,10.975589496677404,3,7.595509970519344,Yes,No
Location C,11.862287810584187,4,10.0,Yes,Yes
Location C,20.24042473330691,1,5.365613818410673,No,Yes
Location C,21.29861250860741,1,4.811794703080967,Yes,Yes
Location C,15.478416874477958,1,4.355720849619872,No,No
Location C,23.19296229388687,3,6.563598622625824,Yes,No
Location C,11.6923996886552,2,6.1353735018691715,Yes,Yes
Location C,19.66960100676342,3,7.006996907105729,Yes,No
Location C,13.944919001187717,3,3.744166954803835,Yes,No
Location C,16.740819460989204,2,5.68023541280929,Yes,Yes
Location C,20.23699335658207,4,3.915063866587608,Yes,Yes
Location C,15.697933173580239,1,2.8845687038598915,Yes,Yes
Location C,18.077222278850872,4,4.917969157993073,Yes,Yes
Location C,25.0314640460722,1,3.1549745392458357,Yes,No
Location C,17.115540652384254,3,7.347453995485177,No,Yes
Location C,24.17846056032571,1,3.276159243968354,Yes,No
Location C,14.35146572671191,3,5.72709188137472,Yes,Yes
Location C,22.649020889576413,4,3.793155402480555,Yes,Yes
Location C,27.207843103289502,3,5.554125500875024,Yes,Yes
Location C,7.6417774993635526,4,3.952006853089287,Yes,Yes
Location C,16.015523722647615,2,2.485577450284925,Yes,No
Location C,22.8853606359027,2,5.967545481903691,No,No
Location C,18.984773069785035,2,4.529168756173556,Yes,Yes
Location C,21.855729366856544,3,5.571969881444919,No,Yes
Location C,16.980074066420897,2,4.142314128739125,No,Yes
Location C,20.4329489373645,1,2.344126972463096,Yes,Yes
Location C,19.221613823039604,4,7.166357194112512,Yes,Yes
Location C,25.838910308299035,4,6.4735155108821765,No,Yes
Location C,21.272104216506065,1,3.8660780488935123,Yes,Yes
Location C,21.68801331037601,3,5.139558426997596,Yes,No
Location C,17.940615169387662,3,7.084038966325874,No,Yes
Location C,17.561968879637533,4,4.085923328275206,Yes,Yes
Location C,17.837209060901895,2,4.396230989618896,Yes,Yes
Location C,21.972260711891483,3,5.487265000014747,Yes,Yes
Location C,17.895077595898684,3,4.081817872890828,Yes,Yes
Location C,21.448874284482066,1,6.714183993974045,Yes,No
Location C,30.377003993227195,1,4.662198439385124,Yes,No
Location C,24.355623517158463,2,3.431928250012052,Yes,Yes
Location C,18.369882339160796,3,6.217277659747989,Yes,Yes
Location C,26.006069610819722,3,2.7157387011373064,Yes,Yes
Location C,17.959623134892244,1,9.029757122248427,Yes,No
Location C,9.80937732411073,3,8.164992727160405,Yes,Yes
Location C,14.95956844541298,4,6.026990953842031,Yes,Yes
Location C,10.646040394870722,1,5.858662043639804,Yes,Yes
Location C,18.24243257979346,2,5.764882835638597,Yes,Yes
Location C,20.092091895947757,1,4.021810428162186,Yes,Yes
Location C,28.382186561376415,3,5.594619291361685,No,No
Location C,21.634636868820813,2,3.1537347790843033,Yes,Yes
Location C,18.90449735595568,1,6.007636836880362,Yes,Yes
Location C,24.147027905917447,4,6.735693886062591,Yes,Yes
Location C,8.944323454960575,4,4.243827798033331,Yes,No
Location C,21.178072790542828,1,3.809796411690561,Yes,No
Location C,23.854325969434832,4,2.5750459507041805,Yes,Yes
Location C,12.607068771100792,4,7.915910467131382,Yes,No
Location C,25.718770216034645,4,3.9686719323155772,Yes,Yes
Location C,21.69248203747207,2,4.6025219279667535,Yes,Yes
Location C,17.923560430495993,4,5.600311169991452,Yes,Yes
Location C,23.163909330531425,4,5.564415285779869,Yes,Yes
Location C,31.35346428902198,4,6.49312019136214,Yes,Yes
Location C,20.909331275292477,2,4.241340160323342,Yes,Yes
Location C,21.24110293150168,1,2.722664123058174,Yes,Yes
Location C,17.70319550229878,3,2.372669382055368,Yes,No
Location C,15.750778152676041,4,3.8414895343143067,Yes,Yes
Location C,24.151679082721227,1,3.096299050650752,Yes,Yes
Location C,15.719580870455664,4,4.392766589384483,Yes,Yes
Location C,20.357831186096963,2,7.615157621519965,Yes,No
Location C,17.611712766174417,1,4.2454435882326225,Yes,Yes
Location C,22.39489912873196,2,4.244698277330887,Yes,Yes
Location C,21.66831052643474,4,4.9672024474884235,No,No
Location C,25.187699721289498,4,4.188750017575868,Yes,Yes
Location C,17.449918005726264,2,4.865217528563612,Yes,Yes
Location C,18.650625323533145,3,6.081738444962693,Yes,No
Location C,15.106181421088463,2,6.769502109526628,Yes,Yes
Location C,17.77853369961944,4,7.006426399478047,Yes,Yes
Location C,21.88650246522426,2,9.11370444146204,Yes,Yes
Location D,21.027954466581406,4,7.854039169258657,Yes,Yes
Location D,14.311338703289499,3,10.0,No,Yes
Location D,21.47842368042264,4,5.835277287910536,Yes,Yes
Location D,23.422551435219802,4,10.0,No,Yes
Location D,19.653739612894803,3,6.429435918670615,Yes,Yes
Location D,25.507183250232263,3,6.576971603855447,Yes,Yes
Location D,14.904843203585708,2,6.82019117886569,Yes,Yes
Location D,13.021381186754333,5,6.672068933261904,Yes,Yes
Location D,10.885119004382886,4,7.128760595089755,Yes,No
Location D,23.984177245956733,2,6.129957996267341,Yes,Yes
Location D,20.61746262541623,3,8.244943259607059,Yes,Yes
Location D,17.77766131635818,5,6.17074744806823,Yes,No
Location D,19.11987450527928,2,7.983415597379337,Yes,Yes
Location D,13.498043810806493,4,9.291585429285647,Yes,Yes
Location D,27.783007918467305,2,6.46434644528839,Yes,Yes
Location D,18.51688472790091,4,8.191575126968766,Yes,Yes
Location D,18.437579178419572,3,7.838738933354777,Yes,Yes
Location D,20.903066495594768,5,10.0,Yes,Yes
Location D,19.924036926946854,5,6.242754152732575,Yes,Yes
Location D,18.895536097116526,5,8.192607425208676,Yes,Yes
Location D,14.838102178218753,3,4.56098336233517,No,No
Location D,19.885873428543984,4,6.2562123838947805,Yes,Yes
Location D,25.528097985900136,3,7.530089256395362,Yes,No
Location D,23.38168018461991,5,9.089739953634671,Yes,Yes
Location D,24.37274650655759,3,5.161099952523696,Yes,Yes
Location D,15.955137294275259,3,8.179135961111665,Yes,Yes
Location D,14.041580718965676,3,6.905164815275562,Yes,Yes
Location D,17.49685231960141,4,4.717708519911531,Yes,Yes
Location D,18.22289964915478,2,7.272380268923185,Yes,Yes
Location D,22.376766073883793,2,9.563741849467318,Yes,Yes
Location D,11.230141481140723,3,5.319366010132574,Yes,No
Location D,24.118201277842456,2,6.8350934269447245,Yes,Yes
Location D,17.367968405684042,2,5.520041523040651,Yes,Yes
Location D,16.29247572021032,3,6.297125602134976,Yes,Yes
Location D,13.95158249895933,3,9.14825521528695,Yes,Yes
Location D,11.380573312536923,5,6.592713286762926,Yes,Yes
Location D,21.29268233584766,2,9.10234860627299,Yes,Yes
Location D,18.293271868753614,4,8.66358107189738,Yes,Yes
Location D,12.840156401035784,3,6.455893129773328,Yes,No
Location D,12.819684911745536,5,6.246100809090652,Yes,Yes
Location D,16.656861202839487,4,5.656001789778247,Yes,Yes
Location D,24.676086101157573,2,5.603678208709894,Yes,Yes
Location D,16.96163459454558,5,7.529811091761765,Yes,Yes
Location D,11.987428187527575,3,6.970322027177551,Yes,Yes
Location D,17.01702774365622,4,6.06459184760619,Yes,Yes
Location D,16.90910572100932,3,4.676855616815082,Yes,No
Location D,7.212453428233713,2,7.159268151733317,Yes,Yes
Location D,17.782820533928753,4,6.295671731408,Yes,Yes
Location D,17.076261879165287,2,6.707053456626859,Yes,No
Location D,20.784825459253675,2,7.456992743047122,Yes,Yes
Location D,25.39582437978138,5,3.247295707918205,No,Yes
Location D,22.50626011819103,3,4.700088094436313,Yes,Yes
Location D,16.924445237780677,4,10.0,Yes,Yes
Location D,13.573896365033319,2,6.240084239950574,Yes,Yes
Location D,28.29343921299944,2,3.2238503464037063,Yes,Yes
Location D,18.23687373605795,4,4.825089730725621,Yes,Yes
Location D,18.055717167651785,2,10.0,Yes,Yes
Location D,17.903499651559986,5,5.94550380959524,Yes,Yes
Location D,18.79233904307142,5,8.738522867345734,Yes,Yes
Location D,17.42255835230423,5,7.181676997505808,Yes,Yes
Location D,15.705351972479054,5,6.272549443751544,Yes,Yes
Location D,15.812564235038431,2,8.16316820614464,Yes,Yes
Location D,17.868986919136006,4,3.423464986965568,Yes,Yes
Location D,15.826300915464941,4,4.8383010702150955,Yes,Yes
Location D,15.148616869291342,4,6.2614734817906585,Yes,No
Location D,18.425720910767588,4,4.985643402595588,Yes,Yes
Location D,16.98009113031658,3,6.128833317244043,Yes,Yes
Location D,24.015971954330755,4,8.280569568524243,Yes,Yes
Location D,7.396120766427952,3,7.198205082003971,Yes,Yes
Location D,22.36602740768985,3,8.995925553264383,Yes,Yes
Location D,22.984340769990517,5,7.293062926527616,Yes,No
Location D,9.706439070367402,3,8.488691247241789,Yes,Yes
Location D,16.629249623678604,2,6.903894549807253,Yes,Yes
Location D,16.514236536016835,3,6.114586774960326,Yes,Yes
Location D,12.369953221128714,5,9.220852083312833,Yes,No
Location D,14.888733249636498,3,5.9359745680959,Yes,Yes
Location D,13.557696618136685,2,7.515767234686449,Yes,No
Location D,25.00908177369449,2,8.15334604483671,Yes,Yes
Location D,21.742713572589846,2,8.262239056706285,Yes,Yes
Location D,23.086220379976634,5,5.251835994669971,Yes,Yes
Location D,20.886688256172942,5,8.5779256087424,Yes,Yes
Location D,13.483792915131083,4,5.531567130839095,Yes,Yes
Location D,15.901918934880905,5,8.216055483024991,Yes,Yes
Location D,19.957498244911672,2,7.802760206573648,Yes,Yes
Location D,13.111488764432218,2,8.227945992669849,No,Yes
Location D,20.851993720689553,5,5.192494718351458,Yes,Yes
Location D,17.03869840736746,3,7.881894614101587,Yes,Yes
Location D,16.50071676980161,5,8.628390514612258,Yes,Yes
Location D,20.843839872813966,5,7.290093674742611,No,Yes
Location D,19.77705324594416,2,5.772074980593135,Yes,Yes
Location D,16.55613533672368,4,8.379621421491985,Yes,Yes
Location D,22.63731921345699,2,7.170879442151155,Yes,Yes
Location D,13.67574668960041,4,4.488333604258456,Yes,Yes
Location D,20.463742427777056,2,5.655715806525009,Yes,Yes
Location D,20.372405031873534,5,6.21055820315954,Yes,Yes
Location D,16.761814242744038,2,9.258727431459484,No,Yes
Location D,19.30453208896847,2,8.99527462945932,Yes,Yes
Location D,12.995545694458787,2,8.990452796585014,Yes,Yes
Location D,21.696108076827603,5,7.3485404165257995,Yes,Yes
Location D,17.260391454228042,5,8.370392187668799,Yes,Yes
Location D,15.909107917923842,5,5.288830886971164,Yes,Yes
Location D,22.196036903347558,5,7.010204647589156,Yes,Yes
Location D,15.182625237828963,4,7.677449052474395,Yes,Yes
Location D,12.366154814545762,4,5.38765141403632,Yes,Yes
Location D,11.773483305904385,3,7.314868134462805,Yes,Yes
Location D,20.42403980538256,5,9.529958778706517,Yes,Yes
Location D,12.878282590014868,4,7.83815467684094,Yes,No
Location D,25.01917672793746,2,8.37631780999618,Yes,Yes
Location D,9.672282368465112,5,3.321389614851606,Yes,Yes
Location D,24.785825473160152,3,9.336953273729385,Yes,Yes
Location D,18.844069868810475,3,6.720816478371746,Yes,Yes
Location D,17.61314755251843,3,5.8469705288949365,Yes,Yes
Location D,15.820323652764202,2,6.738043222285105,Yes,Yes
Location D,19.596544457408285,4,4.772466762578653,Yes,Yes
Location D,17.849461190300605,2,8.571913092628213,Yes,Yes
Location D,22.413207528066085,5,6.496906415839311,Yes,No
Location D,18.456910594648157,3,5.892053781960896,Yes,Yes
Location D,18.60120704584751,2,6.747917401467452,Yes,Yes
Location D,16.545551151144576,2,8.677023481864211,Yes,Yes
Location D,17.77221750511573,4,7.197187601171831,Yes,Yes
Location D,19.231207075568236,4,4.8854593456997994,Yes,Yes
Location D,11.159326429373497,3,7.697471244611624,Yes,Yes
Location D,12.607258311577148,2,5.606530068516062,Yes,Yes
Location D,20.97305637609086,2,3.7658484529377754,Yes,Yes
Location D,18.683461752511768,4,9.244010819075768,Yes,Yes
Location D,17.264066654589282,2,7.685844812241534,Yes,Yes
Location D,18.07373573226157,2,6.882594004294877,Yes,Yes
Location D,19.390326821446685,2,6.481585727954952,Yes,No
Location D,15.840961278762554,4,9.095619251099974,Yes,Yes
Location D,14.886781098390749,3,10.0,Yes,Yes
Location D,18.783381020390728,5,7.673170777849775,Yes,Yes
Location D,14.086508889539871,3,5.455547976508186,Yes,Yes
Location D,19.633011022857886,5,6.768301721698036,Yes,Yes
Location D,11.189665583048638,2,7.645859008141073,Yes,Yes
Location D,22.116622549302576,3,3.475707539512202,Yes,No
Location D,19.890389929652173,5,7.501748802667176,Yes,Yes
Location D,19.0241189372555,4,7.654637694239618,Yes,Yes
Location D,21.930763935782057,4,8.98951329698083,Yes,Yes
Location D,24.661897777850307,3,8.83318495355958,Yes,Yes
Location D,22.057480260072523,3,7.166758240434304,Yes,Yes
Location D,10.636503074673419,2,9.271955359870537,Yes,Yes
Location D,12.881692133057193,3,10.0,Yes,Yes
Location D,15.500725689217285,2,7.04192718286669,Yes,Yes
Location D,18.104364200843335,2,7.627280617701624,Yes,Yes
Location D,20.070636081876494,4,4.349053970334136,Yes,No
Location D,15.097024747386138,4,4.823540106338368,Yes,Yes
Location D,18.747067057908314,5,5.742705528985722,Yes,Yes
Location D,14.97846827058671,4,6.33457254322442,Yes,Yes
Location D,15.553928788032207,4,5.355815462892897,Yes,Yes
Location D,12.37335561260711,3,6.946006882034137,Yes,Yes
Location D,14.307067015556383,4,6.379436248488072,Yes,Yes
Location D,12.593261577534665,5,8.606342847009422,No,Yes
Location D,14.096506988090669,3,6.287839531774438,Yes,Yes
Location D,22.21456718643136,5,3.5699230776767585,Yes,Yes
Location D,14.202404444672228,4,7.18862675880313,Yes,No
Location D,28.52952825934956,5,6.978702963382991,Yes,Yes
Location D,19.973271603523557,3,5.706925177893259,Yes,Yes
Location D,18.739344494779495,2,7.142499825245555,Yes,Yes
Location D,14.566568879275145,5,5.387103117660498,Yes,Yes
Location D,20.801239517635967,5,7.494759930435014,Yes,Yes
Location D,15.697448695048905,3,10.0,Yes,Yes
Location D,18.488039258581445,3,4.291591790639851,Yes,Yes
Location D,28.24033815307518,5,6.22563686948626,Yes,Yes
Location D,17.6157604011014,4,5.985242317826296,No,Yes
Location D,22.597093305142703,5,6.350110174768685,Yes,Yes
Location D,15.18729429949645,3,8.529886869395462,Yes,Yes
Location D,17.860046038012154,2,7.814239838978537,No,Yes
Location D,25.08320254254204,2,8.273149753909635,Yes,Yes
Location D,15.49213176884893,4,7.045743257130397,No,Yes
Location D,25.249794231987714,5,5.016851020082713,Yes,Yes
Location D,20.831007741821903,2,5.32797195811003,Yes,Yes
Location D,15.75013289642293,5,8.119389561199888,Yes,Yes
Location D,20.529630956222086,3,7.256247847619946,Yes,Yes
Location D,21.89021779850692,2,8.890311109118258,Yes,Yes
Location D,20.487239848868786,4,7.439893154870195,No,Yes
Location D,11.719101120438175,3,5.225477510001813,Yes,Yes
Location D,15.091451296700527,4,6.2171472787252675,Yes,Yes
Location D,17.00992545779398,3,7.847221224524395,Yes,Yes
Location D,17.702266283599815,2,8.065498744357939,Yes,Yes
Location D,20.48268839020271,4,8.282662948232032,Yes,Yes
Location D,18.710804003733017,4,5.42721383019221,Yes,Yes
Location D,12.658622565159595,3,5.198454750884613,Yes,No
Location D,19.520791404023853,4,6.715296220378869,Yes,Yes
Location D,20.442342981135294,3,9.160110274800182,Yes,Yes
Location D,20.239161791724158,3,5.959197518787973,Yes,No
Location D,22.323122902218486,3,7.6824578359014595,Yes,No
Location D,21.335688618195615,3,7.682591708408448,Yes,Yes
Location D,19.83672031691375,2,8.14115912450592,Yes,Yes
Location D,17.719337154165412,3,9.496660380922314,Yes,Yes
Location D,11.356156265936034,5,9.342859637149159,Yes,Yes
Location D,19.718472876530342,4,6.108091249240742,Yes,Yes
Location D,18.830750748652445,5,3.8531568380369894,Yes,Yes
Location D,19.086315348781493,2,5.982205996952886,Yes,Yes
Location D,12.893005696718763,5,7.113508441070853,Yes,No
Location D,13.67577383836695,4,6.457532083471515,Yes,Yes
Location D,22.212611413331615,5,9.951848414392202,Yes,Yes
Location D,17.84177938457338,2,7.028170456474674,Yes,Yes
Location D,20.726002789490497,3,7.980567820384291,Yes,Yes
Location D,18.113273504521846,5,7.325821464471015,Yes,Yes
Location D,18.119024557982982,2,6.480050224763767,Yes,Yes
